{
    "myData": [
        {
            "name": "海油发展",
            "one": { "流动负债": 133.4, "流动资产": 135.2, "速动资产": 118.807, "现金": 31.5, "负债总额": 160.5, "资产总额": 318.8 },
            "two": { "流动负债": 150, "流动资产": 139.2, "速动资产": 118.717, "现金": 24.28, "负债总额": 175.7, "资产总额": 357.5 },
            "three": { "流动负债": 116.2, "流动资产": 111.8, "速动资产": 101.364, "现金": 12.77, "负债总额": 155.3, "资产总额": 295.3 },
            "four": { "流动负债": 111.3, "流动资产": 99.18, "速动资产": 89.853, "现金": 16.09, "负债总额": 143.6, "资产总额": 274.3 },
            "five": { "流动负债": 112.8, "流动资产": 106.2, "速动资产": 95.221, "现金": 10.64, "负债总额": 136, "资产总额": 268.2 },
            "six": { "流动负债": 113.1, "流动资产": 115.9, "速动资产": 105.519, "现金": 10.06, "负债总额": 138.4, "资产总额": 277.8 },
            "seven": { "流动负债": 99.73, "流动资产": 138.6, "速动资产": 127.367, "现金": 16.03, "负债总额": 107.1, "资产总额": 297 }
        }, {
            "name": "中国石油",
            "one": { "流动负债": 6455, "流动资产": 4310, "速动资产": 1534.4, "现金": 572.5, "负债总额": 10700, "资产总额": 23400 },
            "two": { "流动负债": 5798, "流动资产": 3913, "速动资产": 1590.4, "现金": 760.2, "负债总额": 10900, "资产总额": 24100 },
            "three": { "流动负债": 4714, "流动资产": 3493, "速动资产": 1489, "现金": 736.9, "负债总额": 10500, "资产总额": 23900 },
            "four": { "流动负债": 4993, "流动资产": 3817, "速动资产": 1680.7, "现金": 986.2, "负债总额": 10200, "资产总额": 24000 },
            "five": { "流动负债": 5767, "流动资产": 4252, "速动资产": 2225.3, "现金": 1361, "负债总额": 10200, "资产总额": 24000 },
            "six": { "流动负债": 5964, "流动资产": 4382, "速动资产": 1724.3, "现金": 954.9, "负债总额": 10300, "资产总额": 24400 },
            "seven": { "流动负债": 6614, "流动资产": 4669, "速动资产": 1960.8, "现金": 1107, "负债总额": 12900, "资产总额": 27300 }
        }
        ,{"name":"中国石化","one":{"流动负债":5718,"流动资产":3730,"速动资产":1255.1000000000001,"现金":151,"负债总额":7597,"资产总额":13800},"two":{"流动负债":6043,"流动资产":3601,"速动资产":1441.5,"现金":101,"负债总额":8043,"资产总额":14500},"three":{"流动负债":4628,"流动资产":3337,"速动资产":1582.3000000000002,"现金":696.7,"负债总额":6577,"资产总额":14500},"four":{"流动负债":4855,"流动资产":4123,"速动资产":2315.9,"现金":1425,"负债总额":6661,"资产总额":15000},"five":{"流动负债":5794,"流动资产":5290,"速动资产":3168.4,"现金":1650,"负债总额":7414,"资产总额":16000},"six":{"流动负债":5794,"流动资产":5290,"速动资产":2829.2,"现金":1670,"负债总额":7414,"资产总额":16000},"seven":{"流动负债":5764,"流动资产":4459,"速动资产":2101.9900000000002,"现金":1279,"负债总额":8782,"资产总额":17600}}



    ]
}